,Customer ID,Country,Total_sales,Frequency,LastInvoiceDate,Reference_date,Recency
9,12357.0,Switzerland,10468.27,1,2010-11-16 10:05:00,2010-12-09 20:01:00,23
25,12380.0,Belgium,4131.84,4,2010-08-31 14:54:00,2010-12-09 20:01:00,100
41,12409.0,Switzerland,11171.42,4,2010-10-15 10:24:00,2010-12-09 20:01:00,55
47,12415.0,Australia,17985.44,4,2010-11-29 15:07:00,2010-12-09 20:01:00,10
59,12429.0,Denmark,3515.55,5,2010-12-09 12:05:00,2010-12-09 20:01:00,0
60,12431.0,Belgium,3578.8,11,2010-12-01 10:03:00,2010-12-09 20:01:00,8
61,12433.0,Norway,6873.74,4,2010-12-08 16:49:00,2010-12-09 20:01:00,1
63,12435.0,Denmark,5786.74,4,2010-11-08 10:07:00,2010-12-09 20:01:00,31
64,12437.0,France,6429.67,20,2010-11-09 14:46:00,2010-12-09 20:01:00,30
73,12454.0,Spain,12931.44,3,2010-11-09 10:09:00,2010-12-09 20:01:00,30
83,12471.0,Germany,17710.95,44,2010-11-30 14:35:00,2010-12-09 20:01:00,9
84,12472.0,Germany,9615.37,13,2010-12-05 14:19:00,2010-12-09 20:01:00,4
85,12474.0,Germany,4486.3099999999995,11,2010-11-26 12:19:00,2010-12-09 20:01:00,13
87,12476.0,Germany,5844.4400000000005,7,2010-11-07 15:34:00,2010-12-09 20:01:00,32
88,12477.0,Germany,5744.85,3,2010-11-05 09:35:00,2010-12-09 20:01:00,34
90,12481.0,Germany,5650.97,5,2010-12-09 10:13:00,2010-12-09 20:01:00,0
91,12482.0,Sweden,21941.72,27,2010-05-12 16:51:00,2010-12-09 20:01:00,211
97,12490.0,France,3614.31,10,2010-11-26 14:16:00,2010-12-09 20:01:00,13
102,12497.0,Germany,5043.400000000001,2,2010-11-04 12:31:00,2010-12-09 20:01:00,35
114,12524.0,Germany,5705.71,9,2010-11-16 09:08:00,2010-12-09 20:01:00,23
123,12539.0,Spain,5212.900000000001,3,2010-09-15 09:50:00,2010-12-09 20:01:00,85
124,12540.0,Spain,6885.18,15,2010-11-26 10:43:00,2010-12-09 20:01:00,13
134,12567.0,France,3429.83,7,2010-12-07 10:36:00,2010-12-09 20:01:00,2
143,12583.0,France,6278.0599999999995,13,2010-12-01 08:45:00,2010-12-09 20:01:00,8
162,12621.0,Germany,9890.64,16,2010-12-09 10:16:00,2010-12-09 20:01:00,0
177,12647.0,Germany,7973.85,25,2010-12-07 12:28:00,2010-12-09 20:01:00,2
190,12668.0,Germany,5825.92,5,2010-11-26 11:48:00,2010-12-09 20:01:00,13
198,12678.0,France,13965.42,6,2010-11-29 09:55:00,2010-12-09 20:01:00,10
199,12681.0,France,14609.61,23,2010-12-07 10:08:00,2010-12-09 20:01:00,2
200,12682.0,France,9075.18,22,2010-12-09 14:49:00,2010-12-09 20:01:00,0
201,12683.0,France,3332.33,8,2010-12-09 12:17:00,2010-12-09 20:01:00,0
214,12705.0,Germany,4171.96,5,2010-11-21 13:59:00,2010-12-09 20:01:00,18
216,12709.0,Germany,18088.21,18,2010-12-08 09:49:00,2010-12-09 20:01:00,1
219,12714.0,France,7016.58,7,2010-11-16 18:10:00,2010-12-09 20:01:00,23
229,12731.0,France,5387.3,5,2010-09-23 15:12:00,2010-12-09 20:01:00,77
236,12744.0,Singapore,3424.42,4,2010-09-06 10:24:00,2010-12-09 20:01:00,94
239,12747.0,United Kingdom,3867.41,16,2010-12-05 15:38:00,2010-12-09 20:01:00,4
240,12748.0,United Kingdom,16248.0,125,2010-12-09 13:22:00,2010-12-09 20:01:00,0
243,12755.0,Japan,5214.959999999999,10,2010-12-09 10:44:00,2010-12-09 20:01:00,0
244,12758.0,Portugal,6567.42,5,2010-09-06 13:02:00,2010-12-09 20:01:00,94
295,12823.0,United Kingdom,4742.0,13,2010-11-10 12:22:00,2010-12-09 20:01:00,29
300,12835.0,United Kingdom,5498.71,40,2010-10-08 10:59:00,2010-12-09 20:01:00,62
301,12836.0,United Kingdom,3558.56,11,2010-11-15 16:22:00,2010-12-09 20:01:00,24
304,12839.0,United Kingdom,4187.41,13,2010-12-07 15:48:00,2010-12-09 20:01:00,2
306,12841.0,United Kingdom,3371.2400000000002,17,2010-12-05 12:15:00,2010-12-09 20:01:00,4
308,12843.0,United Kingdom,3604.1800000000003,18,2010-11-22 13:31:00,2010-12-09 20:01:00,17
328,12867.0,United Kingdom,3587.45,6,2010-11-07 15:31:00,2010-12-09 20:01:00,32
357,12913.0,United Kingdom,4129.25,9,2010-12-06 16:36:00,2010-12-09 20:01:00,3
363,12921.0,United Kingdom,15938.45,39,2010-12-08 10:14:00,2010-12-09 20:01:00,1
370,12931.0,United Kingdom,50291.38,42,2010-11-24 10:09:00,2010-12-09 20:01:00,15
376,12939.0,United Kingdom,9808.74,12,2010-11-25 14:50:00,2010-12-09 20:01:00,14
384,12949.0,United Kingdom,9907.91,14,2010-11-22 15:45:00,2010-12-09 20:01:00,17
389,12957.0,United Kingdom,4069.83,5,2010-06-16 08:55:00,2010-12-09 20:01:00,176
399,12971.0,United Kingdom,3877.78,32,2010-12-08 16:21:00,2010-12-09 20:01:00,1
413,12989.0,United Kingdom,5966.2,15,2010-10-11 12:36:00,2010-12-09 20:01:00,59
422,13001.0,United Kingdom,11709.26,20,2010-10-31 13:14:00,2010-12-09 20:01:00,39
424,13004.0,United Kingdom,5125.89,18,2010-11-18 19:08:00,2010-12-09 20:01:00,21
432,13013.0,United Kingdom,6980.46,18,2010-12-03 12:29:00,2010-12-09 20:01:00,6
444,13027.0,United Kingdom,10423.2,13,2010-11-19 15:51:00,2010-12-09 20:01:00,20
460,13047.0,United Kingdom,4641.61,17,2010-12-01 08:35:00,2010-12-09 20:01:00,8
463,13050.0,United Kingdom,5220.09,18,2010-12-08 09:30:00,2010-12-09 20:01:00,1
475,13069.0,United Kingdom,4747.6900000000005,15,2010-12-05 11:02:00,2010-12-09 20:01:00,4
482,13078.0,United Kingdom,13269.31,32,2010-12-08 09:07:00,2010-12-09 20:01:00,1
485,13081.0,United Kingdom,26115.48,17,2010-12-03 17:21:00,2010-12-09 20:01:00,6
486,13082.0,United Kingdom,3318.32,12,2010-10-11 14:19:00,2010-12-09 20:01:00,59
492,13089.0,United Kingdom,51293.11,107,2010-12-06 14:00:00,2010-12-09 20:01:00,3
493,13090.0,United Kingdom,5149.07,12,2010-12-09 12:12:00,2010-12-09 20:01:00,0
496,13093.0,United Kingdom,43505.95,48,2010-12-01 15:00:00,2010-12-09 20:01:00,8
499,13097.0,United Kingdom,5584.17,15,2010-11-16 09:50:00,2010-12-09 20:01:00,23
501,13102.0,United Kingdom,5145.84,14,2010-12-09 13:38:00,2010-12-09 20:01:00,0
506,13107.0,United Kingdom,3446.17,5,2010-10-22 10:35:00,2010-12-09 20:01:00,48
512,13113.0,United Kingdom,6037.5199999999995,14,2010-12-08 13:21:00,2010-12-09 20:01:00,1
529,13137.0,United Kingdom,3567.17,8,2010-11-18 13:27:00,2010-12-09 20:01:00,21
533,13141.0,United Kingdom,4252.47,12,2010-11-19 10:51:00,2010-12-09 20:01:00,20
537,13148.0,United Kingdom,4188.92,14,2010-11-15 17:43:00,2010-12-09 20:01:00,24
544,13157.0,United Kingdom,3867.54,5,2010-10-26 14:42:00,2010-12-09 20:01:00,44
547,13162.0,United Kingdom,5557.12,11,2010-11-24 15:35:00,2010-12-09 20:01:00,15
557,13174.0,United Kingdom,5627.67,9,2010-12-05 16:24:00,2010-12-09 20:01:00,4
560,13178.0,United Kingdom,7444.1,10,2010-11-07 15:50:00,2010-12-09 20:01:00,32
574,13199.0,United Kingdom,5901.77,29,2010-12-08 10:51:00,2010-12-09 20:01:00,1
580,13206.0,United Kingdom,6770.17,13,2010-11-04 16:50:00,2010-12-09 20:01:00,35
592,13225.0,United Kingdom,8415.93,9,2010-10-14 16:26:00,2010-12-09 20:01:00,56
620,13267.0,United Kingdom,4953.97,18,2010-12-08 09:20:00,2010-12-09 20:01:00,1
621,13269.0,United Kingdom,3323.17,14,2010-12-05 11:51:00,2010-12-09 20:01:00,4
658,13316.0,United Kingdom,6847.6900000000005,6,2010-11-12 10:14:00,2010-12-09 20:01:00,27
659,13317.0,United Kingdom,3793.411,13,2010-11-19 10:06:00,2010-12-09 20:01:00,20
660,13319.0,United Kingdom,10245.2,33,2010-12-09 10:05:00,2010-12-09 20:01:00,0
664,13327.0,United Kingdom,5303.25,13,2010-12-09 15:33:00,2010-12-09 20:01:00,0
665,13329.0,United Kingdom,4323.97,7,2010-12-08 10:11:00,2010-12-09 20:01:00,1
672,13340.0,United Kingdom,7157.48,4,2010-10-18 10:42:00,2010-12-09 20:01:00,52
685,13373.0,United Kingdom,4051.89,3,2010-10-20 10:09:00,2010-12-09 20:01:00,50
690,13381.0,United Kingdom,4435.06,6,2010-11-25 13:30:00,2010-12-09 20:01:00,14
699,13394.0,United Kingdom,3562.75,11,2010-11-25 18:08:00,2010-12-09 20:01:00,14
710,13408.0,United Kingdom,20732.002,46,2010-12-03 09:39:00,2010-12-09 20:01:00,6
718,13418.0,United Kingdom,5489.13,15,2010-12-02 10:46:00,2010-12-09 20:01:00,7
723,13426.0,United Kingdom,4375.12,11,2010-11-22 11:22:00,2010-12-09 20:01:00,17
739,13446.0,United Kingdom,3509.03,11,2010-10-05 18:51:00,2010-12-09 20:01:00,65
740,13448.0,United Kingdom,4824.96,8,2010-12-01 10:53:00,2010-12-09 20:01:00,8
742,13451.0,United Kingdom,3811.85,6,2010-11-23 14:50:00,2010-12-09 20:01:00,16
754,13468.0,United Kingdom,6560.53,37,2010-12-06 13:34:00,2010-12-09 20:01:00,3
769,13488.0,United Kingdom,6207.39,11,2010-12-07 13:01:00,2010-12-09 20:01:00,2
803,13542.0,United Kingdom,3441.69,17,2010-11-28 11:24:00,2010-12-09 20:01:00,11
816,13555.0,United Kingdom,4287.23,9,2010-11-26 11:50:00,2010-12-09 20:01:00,13
822,13564.0,United Kingdom,13068.48,33,2010-12-06 17:26:00,2010-12-09 20:01:00,3
830,13576.0,United Kingdom,3974.35,11,2010-12-01 17:24:00,2010-12-09 20:01:00,8
843,13590.0,United Kingdom,3760.41,11,2010-11-29 11:40:00,2010-12-09 20:01:00,10
850,13599.0,United Kingdom,4144.49,13,2010-12-08 10:13:00,2010-12-09 20:01:00,1
864,13615.0,United Kingdom,5444.49,7,2010-11-05 13:42:00,2010-12-09 20:01:00,34
903,13668.0,United Kingdom,4181.92,12,2010-11-21 11:52:00,2010-12-09 20:01:00,18
911,13680.0,United Kingdom,4154.84,8,2010-08-25 13:05:00,2010-12-09 20:01:00,106
915,13687.0,United Kingdom,8224.2,1,2010-09-27 16:30:00,2010-12-09 20:01:00,73
921,13694.0,United Kingdom,82216.05,79,2010-12-01 12:12:00,2010-12-09 20:01:00,8
939,13715.0,United Kingdom,6747.07,13,2010-12-02 08:52:00,2010-12-09 20:01:00,7
951,13735.0,United Kingdom,6503.59,9,2010-11-28 13:43:00,2010-12-09 20:01:00,11
964,13756.0,United Kingdom,3694.4800000000005,10,2010-12-07 11:41:00,2010-12-09 20:01:00,2
966,13758.0,United Kingdom,5248.0,9,2010-12-08 15:39:00,2010-12-09 20:01:00,1
974,13767.0,United Kingdom,14388.17,39,2010-12-05 13:29:00,2010-12-09 20:01:00,4
982,13777.0,United Kingdom,16575.02,33,2010-12-08 15:35:00,2010-12-09 20:01:00,1
1001,13798.0,United Kingdom,28167.6,52,2010-11-29 15:26:00,2010-12-09 20:01:00,10
1004,13802.0,United Kingdom,15914.39,16,2010-11-30 12:28:00,2010-12-09 20:01:00,9
1038,13854.0,United Kingdom,3959.64,15,2010-12-09 10:48:00,2010-12-09 20:01:00,0
1047,13869.0,United Kingdom,4375.08,6,2010-11-23 13:36:00,2010-12-09 20:01:00,16
1058,13881.0,United Kingdom,25660.98,22,2010-11-29 16:24:00,2010-12-09 20:01:00,10
1059,13883.0,United Kingdom,3585.1,9,2010-11-01 14:45:00,2010-12-09 20:01:00,38
1072,13902.0,Denmark,29442.46,5,2010-03-17 13:09:00,2010-12-09 20:01:00,267
1089,13931.0,United Kingdom,3452.7,9,2010-11-12 12:12:00,2010-12-09 20:01:00,27
1090,13935.0,United Kingdom,5980.06,3,2010-04-22 11:21:00,2010-12-09 20:01:00,231
1094,13941.0,United Kingdom,5516.86,11,2010-12-02 10:17:00,2010-12-09 20:01:00,7
1101,13952.0,United Kingdom,8448.31,11,2010-11-24 14:29:00,2010-12-09 20:01:00,15
1105,13958.0,United Kingdom,4222.63,8,2010-11-25 10:11:00,2010-12-09 20:01:00,14
1115,13969.0,United Kingdom,3868.82,18,2010-12-09 19:32:00,2010-12-09 20:01:00,0
1126,13983.0,United Kingdom,4324.32,10,2010-12-08 10:38:00,2010-12-09 20:01:00,1
1138,13999.0,United Kingdom,5273.07,17,2010-11-30 09:46:00,2010-12-09 20:01:00,9
1151,14016.0,EIRE,6044.66,7,2010-11-08 15:42:00,2010-12-09 20:01:00,31
1158,14025.0,United Kingdom,3680.62,8,2010-09-01 10:11:00,2010-12-09 20:01:00,99
1160,14028.0,United Kingdom,10396.5,3,2010-06-07 13:33:00,2010-12-09 20:01:00,185
1161,14030.0,United Kingdom,5323.72,14,2010-12-08 16:29:00,2010-12-09 20:01:00,1
1162,14031.0,United Kingdom,18778.49,25,2010-12-09 17:34:00,2010-12-09 20:01:00,0
1169,14040.0,United Kingdom,7171.34,23,2010-11-18 13:01:00,2010-12-09 20:01:00,21
1173,14045.0,United Kingdom,9207.779999999999,13,2010-12-01 11:32:00,2010-12-09 20:01:00,8
1176,14049.0,United Kingdom,6989.99,9,2010-11-17 10:44:00,2010-12-09 20:01:00,22
1177,14051.0,United Kingdom,5935.1,15,2010-12-08 12:49:00,2010-12-09 20:01:00,1
1183,14060.0,United Kingdom,3311.96,13,2010-12-08 12:40:00,2010-12-09 20:01:00,1
1185,14062.0,United Kingdom,11100.08,12,2010-11-30 11:00:00,2010-12-09 20:01:00,9
1186,14063.0,United Kingdom,4825.68,6,2010-01-22 11:28:00,2010-12-09 20:01:00,321
1198,14081.0,United Kingdom,3792.65,9,2010-12-05 15:47:00,2010-12-09 20:01:00,4
1202,14085.0,United Kingdom,4661.36,14,2010-12-06 12:39:00,2010-12-09 20:01:00,3
1204,14088.0,United Kingdom,9728.24,3,2010-10-29 10:31:00,2010-12-09 20:01:00,41
1205,14091.0,United Kingdom,7457.08,2,2010-02-23 15:17:00,2010-12-09 20:01:00,289
1211,14101.0,United Kingdom,3985.14,7,2010-11-16 14:54:00,2010-12-09 20:01:00,23
1213,14105.0,United Kingdom,4224.9,4,2010-10-27 11:53:00,2010-12-09 20:01:00,43
1217,14110.0,United Kingdom,6284.9800000000005,21,2010-09-30 17:13:00,2010-12-09 20:01:00,70
1219,14113.0,United Kingdom,4644.09,11,2010-11-29 15:53:00,2010-12-09 20:01:00,10
1233,14134.0,United Kingdom,8621.0,15,2010-11-22 12:26:00,2010-12-09 20:01:00,17
1234,14135.0,United Kingdom,4635.13,11,2010-12-07 12:37:00,2010-12-09 20:01:00,2
1240,14146.0,United Kingdom,4991.85,7,2010-11-21 15:55:00,2010-12-09 20:01:00,18
1246,14154.0,United Kingdom,4936.78,6,2010-11-23 17:53:00,2010-12-09 20:01:00,16
1247,14156.0,EIRE,165538.01,85,2010-11-26 10:14:00,2010-12-09 20:01:00,13
1250,14160.0,United Kingdom,6549.61,7,2010-04-08 14:30:00,2010-12-09 20:01:00,245
1261,14175.0,United Kingdom,4172.4800000000005,5,2010-10-17 13:59:00,2010-12-09 20:01:00,53
1275,14194.0,United Kingdom,6385.81,15,2010-11-12 12:26:00,2010-12-09 20:01:00,27
1290,14210.0,United Kingdom,3611.42,11,2010-12-03 12:43:00,2010-12-09 20:01:00,6
1316,14243.0,United Kingdom,4329.63,8,2010-12-09 08:34:00,2010-12-09 20:01:00,0
1320,14249.0,United Kingdom,4680.961,11,2010-10-25 12:34:00,2010-12-09 20:01:00,45
1326,14258.0,United Kingdom,13927.9,16,2010-11-09 10:08:00,2010-12-09 20:01:00,30
1339,14277.0,France,8739.65,5,2010-10-24 12:44:00,2010-12-09 20:01:00,46
1349,14291.0,United Kingdom,3865.75,12,2010-11-24 09:47:00,2010-12-09 20:01:00,15
1350,14292.0,United Kingdom,3361.92,7,2010-10-25 12:18:00,2010-12-09 20:01:00,45
1355,14298.0,United Kingdom,30428.4,36,2010-11-29 13:35:00,2010-12-09 20:01:00,10
1356,14299.0,United Kingdom,9706.41,19,2010-12-09 10:30:00,2010-12-09 20:01:00,0
1379,14329.0,United Kingdom,4370.83,8,2010-11-29 15:53:00,2010-12-09 20:01:00,10
1416,14395.0,United Kingdom,4067.66,11,2010-12-02 18:15:00,2010-12-09 20:01:00,7
1431,14415.0,United Kingdom,5324.19,10,2010-11-25 13:51:00,2010-12-09 20:01:00,14
1436,14422.0,United Kingdom,5092.92,13,2010-11-30 10:43:00,2010-12-09 20:01:00,9
1439,14426.0,United Kingdom,6356.43,7,2010-11-01 16:24:00,2010-12-09 20:01:00,38
1448,14439.0,Greece,6472.7,4,2010-09-22 14:47:00,2010-12-09 20:01:00,78
1451,14442.0,Channel Islands,3678.2,5,2010-10-21 15:39:00,2010-12-09 20:01:00,49
1466,14461.0,United Kingdom,3781.27,10,2010-11-22 12:33:00,2010-12-09 20:01:00,17
1500,14505.0,United Kingdom,4719.05,11,2010-10-31 16:16:00,2010-12-09 20:01:00,39
1517,14527.0,United Kingdom,16144.89,68,2010-12-09 12:32:00,2010-12-09 20:01:00,0
1528,14543.0,United Kingdom,9700.94,21,2010-11-24 10:20:00,2010-12-09 20:01:00,15
1542,14560.0,United Kingdom,3676.46,21,2010-11-25 09:50:00,2010-12-09 20:01:00,14
1578,14606.0,United Kingdom,16194.0,97,2010-12-08 12:08:00,2010-12-09 20:01:00,1
1579,14607.0,United Kingdom,5052.63,7,2010-06-20 13:22:00,2010-12-09 20:01:00,172
1595,14625.0,United Kingdom,3390.1,9,2010-11-30 12:33:00,2010-12-09 20:01:00,9
1609,14646.0,Netherlands,215636.54,71,2010-11-30 16:28:00,2010-12-09 20:01:00,9
1611,14648.0,United Kingdom,3760.9,15,2010-10-19 13:12:00,2010-12-09 20:01:00,51
1623,14667.0,United Kingdom,10220.97,30,2010-12-09 14:19:00,2010-12-09 20:01:00,0
1632,14676.0,United Kingdom,5747.11,6,2010-11-10 12:32:00,2010-12-09 20:01:00,29
1636,14680.0,United Kingdom,20693.14,40,2010-12-03 12:05:00,2010-12-09 20:01:00,6
1641,14685.0,United Kingdom,3809.38,8,2010-05-12 13:08:00,2010-12-09 20:01:00,211
1678,14733.0,United Kingdom,5973.63,4,2010-12-07 11:30:00,2010-12-09 20:01:00,2
1680,14735.0,United Kingdom,5665.01,24,2010-11-16 13:39:00,2010-12-09 20:01:00,23
1684,14739.0,United Kingdom,7725.3,19,2010-12-07 14:58:00,2010-12-09 20:01:00,2
1698,14755.0,United Kingdom,4227.62,14,2010-11-23 14:42:00,2010-12-09 20:01:00,16
1703,14766.0,United Kingdom,3622.96,6,2010-12-08 15:33:00,2010-12-09 20:01:00,1
1705,14769.0,United Kingdom,4635.57,9,2010-11-14 13:39:00,2010-12-09 20:01:00,25
1745,14828.0,United Kingdom,7312.1,10,2010-11-16 17:23:00,2010-12-09 20:01:00,23
1762,14849.0,United Kingdom,7439.76,20,2010-12-01 12:23:00,2010-12-09 20:01:00,8
1768,14855.0,United Kingdom,5392.4,5,2010-08-22 13:37:00,2010-12-09 20:01:00,109
1774,14866.0,United Kingdom,5111.72,7,2010-12-08 14:58:00,2010-12-09 20:01:00,1
1796,14895.0,United Kingdom,13489.93,18,2010-11-21 13:51:00,2010-12-09 20:01:00,18
1808,14911.0,EIRE,123397.48,182,2010-12-09 12:17:00,2010-12-09 20:01:00,0
1814,14918.0,United Kingdom,3970.6600000000003,7,2010-10-31 12:41:00,2010-12-09 20:01:00,39
1828,14936.0,Channel Islands,3623.14,4,2010-11-14 11:32:00,2010-12-09 20:01:00,25
1838,14952.0,United Kingdom,8418.01,19,2010-11-08 12:21:00,2010-12-09 20:01:00,31
1845,14961.0,United Kingdom,8806.0,13,2010-11-25 09:46:00,2010-12-09 20:01:00,14
1879,15005.0,United Kingdom,6399.56,29,2010-12-08 14:36:00,2010-12-09 20:01:00,1
1891,15023.0,United Kingdom,4587.42,10,2010-12-05 13:49:00,2010-12-09 20:01:00,4
1900,15032.0,United Kingdom,5294.1,7,2010-12-08 13:30:00,2010-12-09 20:01:00,1
1901,15034.0,United Kingdom,3881.71,6,2010-11-18 14:07:00,2010-12-09 20:01:00,21
1904,15039.0,United Kingdom,16227.13,47,2010-12-06 11:26:00,2010-12-09 20:01:00,3
1908,15044.0,United Kingdom,6809.27,15,2010-11-25 13:13:00,2010-12-09 20:01:00,14
1918,15061.0,United Kingdom,77346.43,86,2010-12-07 13:50:00,2010-12-09 20:01:00,2
1931,15078.0,United Kingdom,6735.47,21,2010-12-06 12:39:00,2010-12-09 20:01:00,3
1941,15093.0,United Kingdom,9332.91,18,2010-12-02 18:25:00,2010-12-09 20:01:00,7
1959,15125.0,United Kingdom,4337.19,9,2010-08-17 09:54:00,2010-12-09 20:01:00,114
1974,15144.0,United Kingdom,4924.67,12,2010-11-25 18:50:00,2010-12-09 20:01:00,14
1997,15179.0,United Kingdom,4605.06,8,2010-11-12 15:35:00,2010-12-09 20:01:00,27
2009,15194.0,United Kingdom,3680.2200000000003,13,2010-12-06 15:00:00,2010-12-09 20:01:00,3
2026,15218.0,United Kingdom,4378.71,11,2010-11-15 11:39:00,2010-12-09 20:01:00,24
2047,15251.0,United Kingdom,9513.15,10,2010-10-21 14:29:00,2010-12-09 20:01:00,49
2055,15260.0,United Kingdom,6586.31,20,2010-12-02 12:09:00,2010-12-09 20:01:00,7
2063,15270.0,United Kingdom,3702.77,12,2010-11-04 11:48:00,2010-12-09 20:01:00,35
2072,15281.0,United Kingdom,5235.32,7,2010-11-26 16:31:00,2010-12-09 20:01:00,13
2081,15291.0,United Kingdom,7822.59,26,2010-12-01 09:32:00,2010-12-09 20:01:00,8
2085,15296.0,United Kingdom,6196.57,6,2010-10-15 09:33:00,2010-12-09 20:01:00,55
2086,15298.0,United Kingdom,4318.08,12,2010-12-08 13:55:00,2010-12-09 20:01:00,1
2096,15311.0,United Kingdom,42933.29,118,2010-12-09 14:15:00,2010-12-09 20:01:00,0
2100,15321.0,United Kingdom,3783.67,9,2010-09-28 18:11:00,2010-12-09 20:01:00,72
2109,15332.0,Lithuania,4032.88,6,2010-12-08 14:43:00,2010-12-09 20:01:00,1
2123,15358.0,United Kingdom,7490.13,22,2010-12-09 10:04:00,2010-12-09 20:01:00,0
2144,15382.0,United Kingdom,6660.64,6,2010-11-30 09:46:00,2010-12-09 20:01:00,9
2196,15465.0,United Kingdom,5217.88,15,2010-12-05 10:12:00,2010-12-09 20:01:00,4
2223,15497.0,United Kingdom,3590.51,6,2010-11-22 13:15:00,2010-12-09 20:01:00,17
2224,15498.0,United Kingdom,10725.54,19,2010-12-08 14:46:00,2010-12-09 20:01:00,1
2233,15513.0,United Kingdom,11689.33,18,2010-12-09 09:23:00,2010-12-09 20:01:00,0
2239,15523.0,United Kingdom,11874.08,15,2010-11-16 15:27:00,2010-12-09 20:01:00,23
2249,15538.0,United Kingdom,3358.3999999999996,6,2010-06-20 10:49:00,2010-12-09 20:01:00,172
2253,15544.0,United Kingdom,3539.56,12,2010-12-02 12:47:00,2010-12-09 20:01:00,7
2255,15547.0,United Kingdom,3950.28,12,2010-11-28 13:56:00,2010-12-09 20:01:00,11
2261,15555.0,United Kingdom,6042.73,22,2010-12-09 16:53:00,2010-12-09 20:01:00,0
2271,15570.0,United Kingdom,4637.62,13,2010-12-05 12:57:00,2010-12-09 20:01:00,4
2280,15581.0,United Kingdom,3522.11,24,2010-12-08 14:38:00,2010-12-09 20:01:00,1
2294,15601.0,United Kingdom,7120.68,17,2010-12-02 10:39:00,2010-12-09 20:01:00,7
2303,15615.0,United Kingdom,8826.83,24,2010-11-14 12:07:00,2010-12-09 20:01:00,25
2307,15622.0,United Kingdom,3748.71,8,2010-10-08 14:35:00,2010-12-09 20:01:00,62
2316,15633.0,United Kingdom,4085.01,13,2010-07-18 13:54:00,2010-12-09 20:01:00,144
2323,15640.0,United Kingdom,10269.46,15,2010-12-02 15:40:00,2010-12-09 20:01:00,7
2344,15674.0,United Kingdom,3816.43,8,2010-10-18 12:46:00,2010-12-09 20:01:00,52
2359,15694.0,United Kingdom,4093.81,12,2010-12-09 09:30:00,2010-12-09 20:01:00,0
2377,15719.0,United Kingdom,4307.02,18,2010-11-23 13:07:00,2010-12-09 20:01:00,16
2383,15727.0,United Kingdom,3775.61,8,2010-11-17 13:49:00,2010-12-09 20:01:00,22
2392,15738.0,United Kingdom,5904.95,26,2010-12-02 12:50:00,2010-12-09 20:01:00,7
2397,15750.0,United Kingdom,3890.031,12,2010-12-08 12:11:00,2010-12-09 20:01:00,1
2408,15768.0,United Kingdom,12149.6,31,2010-08-20 15:58:00,2010-12-09 20:01:00,111
2409,15769.0,United Kingdom,16170.0,17,2010-11-15 09:54:00,2010-12-09 20:01:00,24
2436,15805.0,United Kingdom,3526.8,13,2010-11-19 11:27:00,2010-12-09 20:01:00,20
2438,15808.0,United Kingdom,11308.77,18,2010-12-05 13:05:00,2010-12-09 20:01:00,4
2449,15823.0,United Kingdom,3533.07,2,2009-12-10 18:03:00,2010-12-09 20:01:00,364
2457,15838.0,United Kingdom,35239.92,13,2010-12-07 11:26:00,2010-12-09 20:01:00,2
2469,15856.0,United Kingdom,13731.55,26,2010-12-09 13:34:00,2010-12-09 20:01:00,0
2479,15867.0,United Kingdom,4378.98,17,2010-12-05 14:17:00,2010-12-09 20:01:00,4
2486,15874.0,United Kingdom,6088.64,14,2010-11-17 10:32:00,2010-12-09 20:01:00,22
2503,15898.0,United Kingdom,3309.22,21,2010-12-07 13:30:00,2010-12-09 20:01:00,2
2541,15950.0,United Kingdom,4657.25,6,2010-11-29 17:00:00,2010-12-09 20:01:00,10
2545,15955.0,United Kingdom,3904.05,9,2010-12-02 11:22:00,2010-12-09 20:01:00,7
2566,15980.0,United Kingdom,3738.65,4,2010-08-06 12:35:00,2010-12-09 20:01:00,125
2567,15981.0,United Kingdom,5867.59,13,2010-11-03 09:51:00,2010-12-09 20:01:00,36
2570,15984.0,United Kingdom,5510.33,21,2010-12-06 13:21:00,2010-12-09 20:01:00,3
2582,15998.0,United Kingdom,4709.53,11,2010-11-11 16:27:00,2010-12-09 20:01:00,28
2591,16008.0,United Kingdom,3942.45,12,2010-11-22 13:22:00,2010-12-09 20:01:00,17
2595,16013.0,United Kingdom,13000.79,30,2010-12-03 13:10:00,2010-12-09 20:01:00,6
2600,16019.0,United Kingdom,10214.87,18,2010-11-23 13:14:00,2010-12-09 20:01:00,16
2605,16029.0,United Kingdom,27689.1,44,2010-12-02 17:40:00,2010-12-09 20:01:00,7
2637,16072.0,United Kingdom,3476.9,3,2010-10-07 16:48:00,2010-12-09 20:01:00,63
2660,16103.0,United Kingdom,3688.02,16,2010-11-15 16:44:00,2010-12-09 20:01:00,24
2669,16118.0,United Kingdom,3652.17,1,2010-02-25 09:40:00,2010-12-09 20:01:00,287
2675,16125.0,United Kingdom,3530.58,14,2010-12-07 15:48:00,2010-12-09 20:01:00,2
2676,16126.0,United Kingdom,7880.43,11,2010-11-25 13:41:00,2010-12-09 20:01:00,14
2681,16131.0,United Kingdom,5424.5199999999995,6,2010-11-29 13:20:00,2010-12-09 20:01:00,10
2683,16133.0,United Kingdom,7419.89,23,2010-11-28 12:08:00,2010-12-09 20:01:00,11
2704,16161.0,United Kingdom,6639.69,25,2010-12-06 10:03:00,2010-12-09 20:01:00,3
2708,16168.0,United Kingdom,5572.67,40,2010-12-05 11:38:00,2010-12-09 20:01:00,4
2709,16170.0,United Kingdom,4767.05,14,2010-11-09 10:13:00,2010-12-09 20:01:00,30
2716,16180.0,United Kingdom,4725.39,5,2010-08-18 16:18:00,2010-12-09 20:01:00,113
2720,16186.0,United Kingdom,4751.4800000000005,15,2010-12-02 14:40:00,2010-12-09 20:01:00,7
2723,16191.0,United Kingdom,9261.630000000001,11,2010-11-29 11:45:00,2010-12-09 20:01:00,10
2732,16200.0,United Kingdom,3617.61,10,2010-11-22 11:57:00,2010-12-09 20:01:00,17
2741,16210.0,United Kingdom,16591.43,18,2010-12-06 11:06:00,2010-12-09 20:01:00,3
2765,16242.0,United Kingdom,3545.14,7,2010-11-23 16:41:00,2010-12-09 20:01:00,16
2771,16253.0,United Kingdom,3330.99,5,2010-10-15 14:51:00,2010-12-09 20:01:00,55
2775,16258.0,United Kingdom,6542.21,10,2010-11-17 11:48:00,2010-12-09 20:01:00,22
2792,16279.0,United Kingdom,3940.0,6,2010-11-19 11:48:00,2010-12-09 20:01:00,20
2823,16320.0,Unspecified,3814.17,4,2010-09-12 13:51:00,2010-12-09 20:01:00,88
2828,16327.0,United Kingdom,5678.79,11,2010-12-05 12:43:00,2010-12-09 20:01:00,4
2836,16336.0,United Kingdom,3365.89,4,2010-10-15 12:32:00,2010-12-09 20:01:00,55
2900,16422.0,United Kingdom,22516.28,53,2010-12-05 15:35:00,2010-12-09 20:01:00,4
2922,16456.0,United Kingdom,3593.35,9,2010-12-01 14:11:00,2010-12-09 20:01:00,8
2947,16497.0,United Kingdom,3375.64,17,2010-10-22 11:00:00,2010-12-09 20:01:00,48
2965,16525.0,United Kingdom,8908.24,23,2010-12-08 11:31:00,2010-12-09 20:01:00,1
2983,16546.0,United Kingdom,4819.32,4,2010-12-02 12:07:00,2010-12-09 20:01:00,7
2986,16549.0,United Kingdom,8112.14,24,2010-11-07 16:29:00,2010-12-09 20:01:00,32
2987,16550.0,United Kingdom,6088.22,14,2010-12-06 13:53:00,2010-12-09 20:01:00,3
2990,16553.0,United Kingdom,10584.33,21,2010-11-08 14:14:00,2010-12-09 20:01:00,31
2993,16556.0,United Kingdom,4051.16,10,2010-11-29 16:25:00,2010-12-09 20:01:00,10
2994,16558.0,United Kingdom,4821.42,19,2010-12-08 12:01:00,2010-12-09 20:01:00,1
3003,16570.0,United Kingdom,3620.81,10,2010-11-25 13:03:00,2010-12-09 20:01:00,14
3059,16652.0,United Kingdom,10655.32,9,2010-10-31 15:33:00,2010-12-09 20:01:00,39
3062,16656.0,United Kingdom,4221.45,15,2010-10-15 13:15:00,2010-12-09 20:01:00,55
3070,16670.0,United Kingdom,3390.15,9,2010-11-11 17:07:00,2010-12-09 20:01:00,28
3079,16684.0,United Kingdom,62826.33,25,2010-11-25 11:04:00,2010-12-09 20:01:00,14
3088,16700.0,United Kingdom,3638.01,13,2010-12-08 16:34:00,2010-12-09 20:01:00,1
3089,16701.0,United Kingdom,4156.4800000000005,13,2010-10-12 18:16:00,2010-12-09 20:01:00,58
3092,16705.0,United Kingdom,26529.201,22,2010-11-04 14:46:00,2010-12-09 20:01:00,35
3094,16709.0,United Kingdom,5442.71,9,2010-11-25 12:28:00,2010-12-09 20:01:00,14
3095,16710.0,United Kingdom,3352.45,13,2010-12-06 13:13:00,2010-12-09 20:01:00,3
3098,16713.0,United Kingdom,6865.83,18,2010-12-08 13:01:00,2010-12-09 20:01:00,1
3106,16722.0,United Kingdom,3639.2,11,2010-12-08 15:38:00,2010-12-09 20:01:00,1
3113,16732.0,United Kingdom,3677.87,3,2010-11-01 13:33:00,2010-12-09 20:01:00,38
3123,16746.0,United Kingdom,10152.74,24,2010-11-21 10:38:00,2010-12-09 20:01:00,18
3127,16754.0,United Kingdom,51840.06,28,2010-12-02 17:38:00,2010-12-09 20:01:00,7
3139,16772.0,United Kingdom,3334.5,3,2010-10-12 13:19:00,2010-12-09 20:01:00,58
3145,16779.0,United Kingdom,18677.920000000002,32,2010-12-08 09:56:00,2010-12-09 20:01:00,1
3148,16782.0,United Kingdom,7220.29,26,2010-12-09 11:28:00,2010-12-09 20:01:00,0
3168,16814.0,United Kingdom,5523.79,16,2010-12-05 11:45:00,2010-12-09 20:01:00,4
3187,16839.0,United Kingdom,5176.32,11,2010-12-05 11:15:00,2010-12-09 20:01:00,4
3190,16843.0,United Kingdom,8826.27,19,2010-10-13 10:31:00,2010-12-09 20:01:00,57
3199,16858.0,United Kingdom,3972.87,10,2010-12-06 09:52:00,2010-12-09 20:01:00,3
3211,16873.0,United Kingdom,7407.37,6,2010-10-06 15:34:00,2010-12-09 20:01:00,64
3250,16923.0,United Kingdom,5470.08,13,2010-11-29 13:59:00,2010-12-09 20:01:00,10
3261,16938.0,United Kingdom,3644.03,5,2010-11-23 13:01:00,2010-12-09 20:01:00,16
3266,16945.0,United Kingdom,3631.15,14,2010-11-11 12:19:00,2010-12-09 20:01:00,28
3272,16954.0,United Kingdom,3814.31,11,2010-11-25 14:57:00,2010-12-09 20:01:00,14
3288,16984.0,United Kingdom,5124.6900000000005,7,2010-10-31 16:26:00,2010-12-09 20:01:00,39
3289,16985.0,United Kingdom,4494.0,13,2010-11-28 12:12:00,2010-12-09 20:01:00,11
3294,16992.0,United Kingdom,3542.18,8,2010-11-17 15:21:00,2010-12-09 20:01:00,22
3311,17017.0,United Kingdom,5416.349999999999,13,2010-12-09 15:35:00,2010-12-09 20:01:00,0
3334,17044.0,United Kingdom,10606.78,11,2010-11-30 10:48:00,2010-12-09 20:01:00,9
3339,17049.0,United Kingdom,3760.26,10,2010-11-29 13:00:00,2010-12-09 20:01:00,10
3351,17068.0,United Kingdom,3811.21,27,2010-12-06 13:58:00,2010-12-09 20:01:00,3
3365,17085.0,United Kingdom,5400.1,23,2010-11-28 11:49:00,2010-12-09 20:01:00,11
3369,17091.0,United Kingdom,3595.59,11,2010-12-07 09:55:00,2010-12-09 20:01:00,2
3382,17107.0,United Kingdom,4430.6,4,2010-11-07 13:50:00,2010-12-09 20:01:00,32
3398,17133.0,United Kingdom,4424.84,5,2010-08-22 13:58:00,2010-12-09 20:01:00,109
3404,17139.0,United Kingdom,8051.54,13,2010-11-15 12:19:00,2010-12-09 20:01:00,24
3409,17146.0,United Kingdom,4296.48,10,2010-09-30 10:24:00,2010-12-09 20:01:00,70
3416,17157.0,United Kingdom,3900.1,17,2010-08-16 13:22:00,2010-12-09 20:01:00,115
3419,17160.0,United Kingdom,6210.06,11,2010-11-30 17:43:00,2010-12-09 20:01:00,9
3454,17204.0,United Kingdom,3757.85,5,2010-11-30 17:58:00,2010-12-09 20:01:00,9
3477,17230.0,United Kingdom,4546.82,9,2010-05-05 13:17:00,2010-12-09 20:01:00,218
3478,17231.0,United Kingdom,3491.12,15,2010-11-15 15:03:00,2010-12-09 20:01:00,24
3488,17243.0,United Kingdom,8697.03,44,2010-12-05 10:03:00,2010-12-09 20:01:00,4
3537,17307.0,United Kingdom,3857.69,11,2010-11-09 13:40:00,2010-12-09 20:01:00,30
3538,17308.0,United Kingdom,4511.76,2,2010-11-11 13:19:00,2010-12-09 20:01:00,28
3561,17338.0,United Kingdom,3937.48,9,2010-11-29 16:13:00,2010-12-09 20:01:00,10
3563,17340.0,United Kingdom,9615.13,8,2010-12-08 15:56:00,2010-12-09 20:01:00,1
3585,17364.0,United Kingdom,5548.37,16,2010-11-28 15:47:00,2010-12-09 20:01:00,11
3596,17377.0,United Kingdom,11001.16,59,2010-12-09 10:42:00,2010-12-09 20:01:00,0
3599,17381.0,United Kingdom,19726.76,12,2010-12-06 09:45:00,2010-12-09 20:01:00,3
3605,17389.0,United Kingdom,21271.98,25,2010-11-30 12:21:00,2010-12-09 20:01:00,9
3616,17404.0,Sweden,13948.539999999999,8,2010-10-26 15:48:00,2010-12-09 20:01:00,44
3620,17409.0,United Kingdom,6015.76,8,2010-10-14 10:10:00,2010-12-09 20:01:00,56
3625,17416.0,United Kingdom,9726.13,15,2010-11-11 12:47:00,2010-12-09 20:01:00,28
3634,17428.0,United Kingdom,11446.73,18,2010-12-06 09:37:00,2010-12-09 20:01:00,3
3646,17448.0,United Kingdom,12869.14,41,2010-06-28 13:58:00,2010-12-09 20:01:00,164
3648,17450.0,United Kingdom,50259.38,7,2010-12-07 09:43:00,2010-12-09 20:01:00,2
3684,17504.0,United Kingdom,6017.79,9,2010-11-24 09:49:00,2010-12-09 20:01:00,15
3686,17508.0,Greece,3334.91,7,2010-11-23 12:22:00,2010-12-09 20:01:00,16
3688,17511.0,United Kingdom,71961.08,30,2010-12-07 09:51:00,2010-12-09 20:01:00,2
3733,17576.0,United Kingdom,4737.15,23,2010-12-09 16:57:00,2010-12-09 20:01:00,0
3738,17581.0,United Kingdom,6840.29,20,2010-12-02 14:49:00,2010-12-09 20:01:00,7
3741,17584.0,United Kingdom,3779.72,4,2010-08-29 12:43:00,2010-12-09 20:01:00,102
3746,17589.0,United Kingdom,10348.85,14,2010-11-19 14:27:00,2010-12-09 20:01:00,20
3748,17593.0,United Kingdom,3379.91,6,2010-10-26 17:55:00,2010-12-09 20:01:00,44
3764,17611.0,United Kingdom,3714.78,13,2010-10-14 15:45:00,2010-12-09 20:01:00,56
3806,17675.0,United Kingdom,15277.32,39,2010-12-07 13:22:00,2010-12-09 20:01:00,2
3808,17677.0,United Kingdom,16407.93,25,2010-12-08 12:08:00,2010-12-09 20:01:00,1
3825,17696.0,United Kingdom,4642.2,19,2010-11-22 09:55:00,2010-12-09 20:01:00,17
3831,17706.0,United Kingdom,9127.3,17,2010-12-08 11:04:00,2010-12-09 20:01:00,1
3838,17716.0,United Kingdom,9190.880000000001,13,2010-11-08 10:45:00,2010-12-09 20:01:00,31
3852,17735.0,United Kingdom,4072.59,8,2010-12-07 10:32:00,2010-12-09 20:01:00,2
3854,17739.0,United Kingdom,4522.6,11,2010-11-30 09:52:00,2010-12-09 20:01:00,9
3868,17757.0,United Kingdom,3708.58,28,2010-12-06 13:41:00,2010-12-09 20:01:00,3
3906,17809.0,United Kingdom,4089.48,10,2010-12-03 12:43:00,2010-12-09 20:01:00,6
3923,17829.0,United Arab Emirates,3691.7000000000003,4,2010-10-26 13:46:00,2010-12-09 20:01:00,44
3926,17838.0,United Kingdom,3687.63,10,2010-12-09 15:50:00,2010-12-09 20:01:00,0
3928,17841.0,United Kingdom,23091.27,89,2010-12-09 17:27:00,2010-12-09 20:01:00,0
3935,17850.0,United Kingdom,36417.11,155,2010-12-02 15:27:00,2010-12-09 20:01:00,7
3948,17865.0,United Kingdom,13736.12,25,2010-11-29 10:37:00,2010-12-09 20:01:00,10
3956,17873.0,United Kingdom,4221.17,14,2010-12-01 14:54:00,2010-12-09 20:01:00,8
3958,17876.0,United Kingdom,3424.02,3,2010-11-05 10:52:00,2010-12-09 20:01:00,34
3984,17920.0,United Kingdom,15808.19,39,2010-12-06 16:58:00,2010-12-09 20:01:00,3
4000,17940.0,United Kingdom,26237.4,5,2010-09-20 15:33:00,2010-12-09 20:01:00,80
4004,17949.0,United Kingdom,49829.64,65,2010-12-03 13:12:00,2010-12-09 20:01:00,6
4018,17965.0,United Kingdom,3739.97,17,2010-12-09 18:09:00,2010-12-09 20:01:00,0
4052,18008.0,United Kingdom,5248.09,11,2010-10-20 14:28:00,2010-12-09 20:01:00,50
4072,18041.0,United Kingdom,3843.11,19,2010-12-09 13:24:00,2010-12-09 20:01:00,0
4082,18052.0,United Kingdom,8579.18,1,2010-05-24 11:11:00,2010-12-09 20:01:00,199
4085,18055.0,United Kingdom,3308.9,6,2010-12-07 09:13:00,2010-12-09 20:01:00,2
4090,18061.0,United Kingdom,3401.88,19,2010-12-08 13:03:00,2010-12-09 20:01:00,1
4108,18087.0,United Kingdom,9992.36,15,2010-11-25 12:00:00,2010-12-09 20:01:00,14
4112,18092.0,United Kingdom,6421.18,8,2010-12-09 10:00:00,2010-12-09 20:01:00,0
4121,18102.0,United Kingdom,299485.8,88,2010-12-09 13:44:00,2010-12-09 20:01:00,0
4165,18172.0,United Kingdom,8419.960000000001,31,2010-11-17 15:24:00,2010-12-09 20:01:00,22
4169,18178.0,United Kingdom,3963.04,7,2010-11-02 17:24:00,2010-12-09 20:01:00,37
4199,18223.0,United Kingdom,6633.17,12,2010-11-17 12:20:00,2010-12-09 20:01:00,22
4200,18225.0,United Kingdom,5937.33,15,2010-12-09 15:46:00,2010-12-09 20:01:00,0
4201,18226.0,United Kingdom,4776.81,15,2010-11-26 15:51:00,2010-12-09 20:01:00,13
4205,18231.0,United Kingdom,4266.26,23,2010-10-29 14:17:00,2010-12-09 20:01:00,41
4217,18251.0,United Kingdom,17853.43,7,2010-09-20 13:26:00,2010-12-09 20:01:00,80
4226,18260.0,United Kingdom,6719.43,17,2010-11-30 12:25:00,2010-12-09 20:01:00,9
